filename,url
misis.ru.html,http://misis.ru
misis.ru_applicants_.html,http://misis.ru/applicants/
misis.ru_students_.html,http://misis.ru/students/
misis.ru_graduates_.html,http://misis.ru/graduates/
misis.ru_university_struktura-universiteta_offices_personnel_world_.html,http://misis.ru/university/struktura-universiteta/offices/personnel/world/
misis.ru_university_.html,http://misis.ru/university/
misis.ru_education_.html,http://misis.ru/education/
misis.ru_science_.html,http://misis.ru/science/
misis.ru_business_.html,http://misis.ru/business/
misis.ru_events_5778_.html,http://misis.ru/events/5778/
misis.ru_university_struktura-universiteta_centers_k3_xmas_.html,http://misis.ru/university/struktura-universiteta/centers/k3/xmas/
misis.ru_events_5805_.html,http://misis.ru/events/5805/
misis.ru_events_5783_.html,http://misis.ru/events/5783/
misis.ru_applicants_school-leavers_competitions_oho_.html,http://misis.ru/applicants/school-leavers/competitions/oho/
misis.ru_university_news_.html,http://misis.ru/university/news/
misis.ru_university_news_misc_.html,http://misis.ru/university/news/misc/
misis.ru_university_news_5-100_.html,http://misis.ru/university/news/5-100/
misis.ru_university_news_science_.html,http://misis.ru/university/news/science/
misis.ru_university_news_education_.html,http://misis.ru/university/news/education/
misis.ru_university_news_cooperation_.html,http://misis.ru/university/news/cooperation/
misis.ru_university_news_life_.html,http://misis.ru/university/news/life/
misis.ru_science_community_.html,http://misis.ru/science/community/
misis.ru_science_fcp_.html,http://misis.ru/science/fcp/
misis.ru_university_news_business_.html,http://misis.ru/university/news/business/
misis.ru_university_news_covid_.html,http://misis.ru/university/news/covid/
misis.ru_applicants_reasons_news_.html,http://misis.ru/applicants/reasons/news/
misis.ru_university_news_achievements_.html,http://misis.ru/university/news/achievements/
misis.ru_university_news_congratulations_.html,http://misis.ru/university/news/congratulations/
misis.ru_university_news_developments_.html,http://misis.ru/university/news/developments/
misis.ru_university_news_exhibitions_.html,http://misis.ru/university/news/exhibitions/
misis.ru_university_news_nti_.html,http://misis.ru/university/news/nti/
misis.ru_university_news_prioritet_2030_.html,http://misis.ru/university/news/prioritet_2030/
misis.ru_news_9506_.html,http://misis.ru/news/9506/
misis.ru_news_9505_.html,http://misis.ru/news/9505/
misis.ru_news_9504_.html,http://misis.ru/news/9504/
misis.ru_news_9503_.html,http://misis.ru/news/9503/
misis.ru_applicants_reasons_.html,http://misis.ru/applicants/reasons/
misis.ru_applicants_school-leavers_pre-university-training_.html,http://misis.ru/applicants/school-leavers/pre-university-training/
misis.ru_applicants_admission_baccalaureate-and-specialty_.html,http://misis.ru/applicants/admission/baccalaureate-and-specialty/
misis.ru_applicants_admission_magistracy_.html,http://misis.ru/applicants/admission/magistracy/
misis.ru_university_struktura-universiteta_centers_postgraduate_.html,http://misis.ru/university/struktura-universiteta/centers/postgraduate/
misis.ru_applicants_admission_magistracy_faculties_.html,http://misis.ru/applicants/admission/magistracy/faculties/
misis.ru_university_prioritet-2030_digdep_.html,http://misis.ru/university/prioritet-2030/digdep/
misis.ru_university_mast_.html,http://misis.ru/university/mast/
misis.ru_university_struktura-universiteta_instituty_inobr_.html,http://misis.ru/university/struktura-universiteta/instituty/inobr/
misis.ru_university_struktura-universiteta_offices_umu_school-ped_.html,http://misis.ru/university/struktura-universiteta/offices/umu/school-ped/
misis.ru_business_dba_.html,http://misis.ru/business/dba/
misis.ru_business_cppk_.html,http://misis.ru/business/cppk/
misis.ru_business_prof-schools_.html,http://misis.ru/business/prof-schools/
misis.ru_university_prioritet-2030_.html,http://misis.ru/university/prioritet-2030/
misis.ru_university_struktura-universiteta_centers_career-center_.html,http://misis.ru/university/struktura-universiteta/centers/career-center/
misis.ru_university_scunivers_.html,http://misis.ru/university/scunivers/
misis.ru_applicants_notifications_2024-11_9399_.html,http://misis.ru/applicants/notifications/2024-11/9399/
misis.ru_university_news_admission_2024-11_9395_.html,http://misis.ru/university/news/admission/2024-11/9395/
misis.ru_university_news_admission_2024-11_9393_.html,http://misis.ru/university/news/admission/2024-11/9393/
misis.ru_university_send-email_email-reply_.html,http://misis.ru/university/send-email/email-reply/
misis.ru_business_cct_.html,http://misis.ru/business/cct/
misis.ru_university_job_.html,http://misis.ru/university/job/
misis.ru_sveden_common.html,http://misis.ru/sveden/common
misis.ru_map_.html,http://misis.ru/map/
misis.ru_university_tenders_.html,http://misis.ru/university/tenders/
misis.ru_university_sved_protivodeystvie-korrupcii_.html,http://misis.ru/university/sved/protivodeystvie-korrupcii/
misis.ru.html,http://misis.ru
misis.ru_applicants_.html,http://misis.ru/applicants/
misis.ru_students_.html,http://misis.ru/students/
misis.ru_graduates_.html,http://misis.ru/graduates/
misis.ru_university_struktura-universiteta_offices_personnel_world_.html,http://misis.ru/university/struktura-universiteta/offices/personnel/world/
misis.ru_university_.html,http://misis.ru/university/
misis.ru_education_.html,http://misis.ru/education/
misis.ru_science_.html,http://misis.ru/science/
misis.ru_business_.html,http://misis.ru/business/
misis.ru_events_5778_.html,http://misis.ru/events/5778/
misis.ru_university_struktura-universiteta_centers_k3_xmas_.html,http://misis.ru/university/struktura-universiteta/centers/k3/xmas/
misis.ru_events_5805_.html,http://misis.ru/events/5805/
misis.ru_events_5783_.html,http://misis.ru/events/5783/
misis.ru_applicants_school-leavers_competitions_oho_.html,http://misis.ru/applicants/school-leavers/competitions/oho/
misis.ru_university_news_.html,http://misis.ru/university/news/
misis.ru_university_news_misc_.html,http://misis.ru/university/news/misc/
misis.ru_university_news_5-100_.html,http://misis.ru/university/news/5-100/
misis.ru_university_news_science_.html,http://misis.ru/university/news/science/
misis.ru_university_news_education_.html,http://misis.ru/university/news/education/
misis.ru_university_news_cooperation_.html,http://misis.ru/university/news/cooperation/
misis.ru_university_news_life_.html,http://misis.ru/university/news/life/
misis.ru_science_community_.html,http://misis.ru/science/community/
misis.ru_science_fcp_.html,http://misis.ru/science/fcp/
misis.ru_university_news_business_.html,http://misis.ru/university/news/business/
misis.ru_university_news_covid_.html,http://misis.ru/university/news/covid/
misis.ru_applicants_reasons_news_.html,http://misis.ru/applicants/reasons/news/
misis.ru_university_news_achievements_.html,http://misis.ru/university/news/achievements/
misis.ru_university_news_congratulations_.html,http://misis.ru/university/news/congratulations/
misis.ru_university_news_developments_.html,http://misis.ru/university/news/developments/
misis.ru_university_news_exhibitions_.html,http://misis.ru/university/news/exhibitions/
misis.ru_university_news_nti_.html,http://misis.ru/university/news/nti/
misis.ru_university_news_prioritet_2030_.html,http://misis.ru/university/news/prioritet_2030/
misis.ru_news_9506_.html,http://misis.ru/news/9506/
misis.ru_news_9505_.html,http://misis.ru/news/9505/
misis.ru_news_9504_.html,http://misis.ru/news/9504/
misis.ru_news_9503_.html,http://misis.ru/news/9503/
misis.ru_applicants_reasons_.html,http://misis.ru/applicants/reasons/
misis.ru_applicants_school-leavers_pre-university-training_.html,http://misis.ru/applicants/school-leavers/pre-university-training/
misis.ru_applicants_admission_baccalaureate-and-specialty_.html,http://misis.ru/applicants/admission/baccalaureate-and-specialty/
misis.ru_applicants_admission_magistracy_.html,http://misis.ru/applicants/admission/magistracy/
misis.ru_university_struktura-universiteta_centers_postgraduate_.html,http://misis.ru/university/struktura-universiteta/centers/postgraduate/
misis.ru_applicants_admission_magistracy_faculties_.html,http://misis.ru/applicants/admission/magistracy/faculties/
misis.ru_university_prioritet-2030_digdep_.html,http://misis.ru/university/prioritet-2030/digdep/
misis.ru_university_mast_.html,http://misis.ru/university/mast/
misis.ru_university_struktura-universiteta_instituty_inobr_.html,http://misis.ru/university/struktura-universiteta/instituty/inobr/
misis.ru_university_struktura-universiteta_offices_umu_school-ped_.html,http://misis.ru/university/struktura-universiteta/offices/umu/school-ped/
misis.ru_business_dba_.html,http://misis.ru/business/dba/
misis.ru_business_cppk_.html,http://misis.ru/business/cppk/
misis.ru_business_prof-schools_.html,http://misis.ru/business/prof-schools/
misis.ru_university_prioritet-2030_.html,http://misis.ru/university/prioritet-2030/
misis.ru_university_struktura-universiteta_centers_career-center_.html,http://misis.ru/university/struktura-universiteta/centers/career-center/
misis.ru_university_scunivers_.html,http://misis.ru/university/scunivers/
misis.ru_applicants_notifications_2024-11_9399_.html,http://misis.ru/applicants/notifications/2024-11/9399/
misis.ru_university_news_admission_2024-11_9395_.html,http://misis.ru/university/news/admission/2024-11/9395/
misis.ru_university_news_admission_2024-11_9393_.html,http://misis.ru/university/news/admission/2024-11/9393/
misis.ru_university_send-email_email-reply_.html,http://misis.ru/university/send-email/email-reply/
misis.ru_business_cct_.html,http://misis.ru/business/cct/
misis.ru_university_job_.html,http://misis.ru/university/job/
misis.ru_sveden_common.html,http://misis.ru/sveden/common
misis.ru_map_.html,http://misis.ru/map/
misis.ru_university_tenders_.html,http://misis.ru/university/tenders/
misis.ru_university_sved_protivodeystvie-korrupcii_.html,http://misis.ru/university/sved/protivodeystvie-korrupcii/
